DENOM_CIA,ano,lucro_liquido,ativos_totais,ROA,pais
Advantage Energy Ltd,2013,-3382.0,1765244.0,-0.19158824502448385,3
Agnico Eagle Mines Limited,2013,-686705.0,4580081.0,-14.993293786725607,3
B2Gold Corp,2013,67303.0,2309726.0,2.91389541443444,3
Birchcliff Energy Ltd,2013,65417.0,1586531.0,4.123272725209907,3
"Brookfield Business Partners L ,P",2013,0.0,0.0,,3
Cameco Corporation,2013,317687.0,1757830.0,18.07268052086948,3
Canfor Corporation,2013,250.5,2693.3,9.300857683882226,3
Capital Power Corporation,2013,228.0,5219.0,4.368652998658747,3
Celestica Inc,2013,118.0,2583.6,4.567270475305775,3
Dundee Precious Metals Inc,2013,13181.0,987783.0,1.3344023940480854,3
Ero Copper Corp,2013,0.0,0.0,,3
Ero Copper Corp,2013,0.0,0.0,,3
Freehold Royalties Ltd,2013,57852.0,427865.0,13.52108725883164,3
Corridor Resources Inc,2013,22449.0,181262.0,12.384835210910174,3
Imperial Oil Limited,2013,2828.0,37218.0,7.598473856735987,3
Interfor Corporation,2013,42239.0,824126.0,5.125308508650376,3
Loblaw Companies Limited,2013,627.0,20741.0,3.022997926811629,3
Magna International Inc,2013,1545.0,17990.0,8.58810450250139,3
Methanex Corporation,2013,377000.0,4120900.0,9.148486980999296,3
MTY Food Group Inc,2013,25661.0,172688.0,14.859747058278513,3
NOVAGOLD RESOURCES INC,2013,-6276.0,524546.0,-1.1964632272479439,3
Nutrien Ltd,2013,0.0,0.0,,3
PrairieSky Royalty Ltd,2013,0.0,0.0,,3
SANDSTORM GOLD LTD,2013,-74629.0,379703.0,-19.65457212610909,3
Shopify Inc,2013,0.0,0.0,,3
SNC-Lavalin Group Inc,2013,36384.0,11772625.0,0.3090559667024134,3
Spin Master Corp,2013,0.0,0.0,,3
Suncor Energy Inc,2013,3911.0,78315.0,4.993934750686331,3
Suncor Energy Inc,2013,3911.0,78315.0,4.993934750686331,3
Tamarack Valley Energy Ltd,2013,14813126.0,269706879.0,5.492305592991568,3
TC Energy Corporation,2013,1911.0,53898.0,3.545586107091172,3
Topaz Energy Corp,2013,0.0,0.0,,3
Constellation Software Inc_,2013,93135.0,1537704.0,6.056757347317819,3
GFL Environmental Inc,2013,0.0,0.0,,3
CAE Inc_,2013,,0.0,,3
Jamieson Wellness Inc_,2013,0.0,0.0,,3
Suncor Energy Inc,2013,3911.0,78315.0,4.993934750686331,3
Suncor Energy Inc,2013,3911.0,78315.0,4.993934750686331,3
Dollarama Inc,2013,0.0,0.0,,3
The North West Company Inc,2013,0.0,0.0,,3
NexGen Energy Ltd,2013,-3373814.0,39120694.0,-8.624115921869894,3
Boralex Inc,2013,-3711.0,19338.0,-19.190195470058953,3
Canada Goose Holdings Inc,2013,0.0,0.0,,3
Centerra Gold Inc,2013,157676.0,1687664.0,9.342854975871974,3
Precision Drilling Corporation,2013,191150.0,4579123.0,4.174380116017849,3
Paramount Resources Ltd,2013,-59085.0,2447803.0,-2.413797188744356,3
Vermilion Energy Inc,2013,327641.0,3708719.0,8.834344149556761,3
Ero Copper Corp,2013,0.0,0.0,,3
Ero Copper Corp,2013,0.0,0.0,,3
Enghouse Systems Limited,2013,0.0,0.0,,3
Tourmaline Oil Corp,2013,148114.0,4696471.0,3.1537296834154835,3
Keyera Corp,2013,146836.0,3051065.0,4.812614611619222,3
Advantage Energy Ltd,2014,15703.0,1454767.0,1.0794168413223562,3
Agnico Eagle Mines Limited,2014,82970.0,6840538.0,1.2129162940107927,3
B2Gold Corp,2014,-666385.0,2118598.0,-31.454055936992294,3
Birchcliff Energy Ltd,2014,114304.0,1918680.0,5.957429065816082,3
"Brookfield Business Partners L ,P",2014,0.0,0.0,,3
Cameco Corporation,2014,183413.0,2067706.0,8.870361647158735,3
Canfor Corporation,2014,221.8,2846.8,7.7912041590557815,3
Capital Power Corporation,2014,50.0,5420.0,0.9225092250922509,3
Celestica Inc,2014,108.2,2638.9,4.100193262344159,3
Dundee Precious Metals Inc,2014,-6271.0,980152.0,-0.6397987250956995,3
Ero Copper Corp,2014,0.0,0.0,,3
Ero Copper Corp,2014,0.0,0.0,,3
Freehold Royalties Ltd,2014,66447.0,653277.0,10.171336201948025,3
Corridor Resources Inc,2014,-17706.0,166267.0,-10.649136629637871,3
Imperial Oil Limited,2014,3785.0,4083.0,92.70144501591967,3
Interfor Corporation,2014,40690.0,1068523.0,3.808060285085113,3
Loblaw Companies Limited,2014,53.0,33684.0,0.15734473340458377,3
Magna International Inc,2014,188.0,18139.0,1.0364408181266884,3
Methanex Corporation,2014,506308.0,4775340.0,10.602553954273413,3
MTY Food Group Inc,2014,25407.0,196135.0,12.95383281923165,3
NOVAGOLD RESOURCES INC,2014,-40484.0,578686.0,-6.995849217019247,3
Nutrien Ltd,2014,0.0,0.0,,3
PrairieSky Royalty Ltd,2014,136.3,1120.1,12.168556378894744,3
SANDSTORM GOLD LTD,2014,11515.0,43107.0,26.712598881852134,3
Shopify Inc,2014,-22311.0,95193.0,-23.437647726198353,3
SNC-Lavalin Group Inc,2014,1334587.0,10011341.0,13.330751594616547,3
Spin Master Corp,2014,62214.0,350785.0,17.735650042048547,3
Suncor Energy Inc,2014,2699.0,79671.0,3.3876818415734706,3
Suncor Energy Inc,2014,2699.0,79671.0,3.3876818415734706,3
Tamarack Valley Energy Ltd,2014,-25167361.0,497578437.0,-5.057968579132781,3
TC Energy Corporation,2014,1993.0,58947.0,3.3810032741276057,3
Topaz Energy Corp,2014,0.0,0.0,,3
Constellation Software Inc_,2014,103098.0,1433125.0,7.1939293501962505,3
GFL Environmental Inc,2014,0.0,0.0,,3
CAE Inc_,2014,191.1,4236.7,4.5105860693464255,3
Jamieson Wellness Inc_,2014,0.0,0.0,,3
Suncor Energy Inc,2014,2699.0,79671.0,3.3876818415734706,3
Suncor Energy Inc,2014,2699.0,79671.0,3.3876818415734706,3
Dollarama Inc,2014,250094.0,1566780.0,15.962292089508418,3
The North West Company Inc,2014,64263.0,670512.0,9.584168515999714,3
NexGen Energy Ltd,2014,-8373300.0,57004236.0,-14.688908382177072,3
Boralex Inc,2014,-11089.0,159198.0,-6.965539768087539,3
Canada Goose Holdings Inc,2014,0.0,0.0,,3
Centerra Gold Inc,2014,-44109.0,1629082.0,-2.7075985125365083,3
Precision Drilling Corporation,2014,33152.0,5308996.0,0.6244495192688034,3
Paramount Resources Ltd,2014,-71714.0,3199429.0,-2.241462460957877,3
Vermilion Energy Inc,2014,269326.0,4386091.0,6.14045627416303,3
Ero Copper Corp,2014,0.0,0.0,,3
Ero Copper Corp,2014,0.0,0.0,,3
Enghouse Systems Limited,2014,29684.0,327771.0,9.056322859557435,3
Tourmaline Oil Corp,2014,488872.0,6622303.0,7.382205253972825,3
Keyera Corp,2014,229989.0,3850826.0,5.9724588958317,3
Advantage Energy Ltd,2015,21378.0,1517443.0,1.408817332842156,3
Agnico Eagle Mines Limited,2015,24583.0,668318.0,3.678338754904103,3
B2Gold Corp,2015,-145113.0,2024382.0,-7.168261721354961,3
Birchcliff Energy Ltd,2015,-1216.0,2025373.0,-0.06003832380504727,3
"Brookfield Business Partners L ,P",2015,269.0,7635.0,3.5232481990831697,3
Cameco Corporation,2015,63362.0,8794637.0,0.7204617996171985,3
Canfor Corporation,2015,91.9,3294.6,2.789412978813817,3
Capital Power Corporation,2015,86.0,5393.0,1.5946597441127388,3
Celestica Inc,2015,66.9,2612.0,2.561255742725881,3
Dundee Precious Metals Inc,2015,-48042.0,906151.0,-5.30176537905934,3
Ero Copper Corp,2015,0.0,0.0,,3
Ero Copper Corp,2015,0.0,0.0,,3
Freehold Royalties Ltd,2015,-408.0,939394.0,-0.043432255262435146,3
Corridor Resources Inc,2015,-31879.0,133066.0,-23.95728435513204,3
Imperial Oil Limited,2015,1122.0,4317.0,25.99027102154274,3
Interfor Corporation,2015,-30386.0,1389796.0,-2.186364041916943,3
Loblaw Companies Limited,2015,589.0,33939.0,1.735466572379858,3
Magna International Inc,2015,2007.0,19687.0,10.194544623355513,3
Methanex Corporation,2015,202353.0,4555924.0,4.441535899194104,3
MTY Food Group Inc,2015,26223.0,225387.0,11.63465505996353,3
NOVAGOLD RESOURCES INC,2015,-31952.0,433584.0,-7.369275619026533,3
Nutrien Ltd,2015,0.0,0.0,,3
PrairieSky Royalty Ltd,2015,63.0,2938.2,2.144169899938738,3
SANDSTORM GOLD LTD,2015,-43056.0,496873.0,-8.665393370136835,3
Shopify Inc,2015,-1879.0,243712.0,-0.7709919905462185,3
SNC-Lavalin Group Inc,2015,437535.0,10503153.0,4.165749085060458,3
Spin Master Corp,2015,47074.0,388283.0,12.123631474980877,3
Suncor Energy Inc,2015,-1995.0,77527.0,-2.573297044900486,3
Suncor Energy Inc,2015,-1995.0,77527.0,-2.573297044900486,3
Tamarack Valley Energy Ltd,2015,-17328368.0,549067714.0,-3.155961925672432,3
TC Energy Corporation,2015,-114.0,1338.0,-8.520179372197308,3
Topaz Energy Corp,2015,0.0,0.0,,3
Constellation Software Inc_,2015,177248.0,1639320.0,10.812288021862724,3
GFL Environmental Inc,2015,0.0,0.0,,3
CAE Inc_,2015,204.7,4656.9,4.395627992870794,3
Jamieson Wellness Inc_,2015,0.0,0.0,,3
Suncor Energy Inc,2015,-1995.0,77527.0,-2.573297044900486,3
Suncor Energy Inc,2015,-1995.0,77527.0,-2.573297044900486,3
Dollarama Inc,2015,29541.0,1700838.0,1.7368497176097901,3
The North West Company Inc,2015,62883.0,724299.0,8.68191175191461,3
NexGen Energy Ltd,2015,4647317.0,101155424.0,4.594234116402893,3
Boralex Inc,2015,-8.0,2449.0,-0.32666394446712943,3
Canada Goose Holdings Inc,2015,0.0,0.0,,3
Centerra Gold Inc,2015,41629.0,1660584.0,2.506889142614887,3
Precision Drilling Corporation,2015,-363436.0,4878690.0,-7.449458768644862,3
Paramount Resources Ltd,2015,-901301.0,2781035.0,-32.40883340195287,3
Vermilion Energy Inc,2015,-217302.0,4209220.0,-5.162524173124712,3
Ero Copper Corp,2015,0.0,0.0,,3
Ero Copper Corp,2015,0.0,0.0,,3
Enghouse Systems Limited,2015,3143.0,376015.0,0.8358709094052098,3
Tourmaline Oil Corp,2015,80087.0,7640671.0,1.048167104695386,3
Keyera Corp,2015,20192.0,4296569.0,0.4699563768206678,3
Advantage Energy Ltd,2016,-15734.0,1496459.0,-1.05141537456088,3
Agnico Eagle Mines Limited,2016,158824.0,7107951.0,2.2344554710633204,3
B2Gold Corp,2016,386.0,2336135.0,0.016523017719438305,3
Birchcliff Energy Ltd,2016,-24335.0,2710457.0,-0.8978190762664746,3
"Brookfield Business Partners L ,P",2016,-202.0,8193.0,-2.465519345782986,3
Cameco Corporation,2016,-59879.0,8249198.0,-0.7258766246124775,3
Canfor Corporation,2016,203.9,3277.1,6.221964541820513,3
Capital Power Corporation,2016,102.0,6062.0,1.6826129990102277,3
Celestica Inc,2016,136.3,2822.3,4.829394465506856,3
Dundee Precious Metals Inc,2016,-152187.0,733952.0,-20.735279691314965,3
Ero Copper Corp,2016,-3452.0,319035.0,-1.0820129452881344,3
Ero Copper Corp,2016,-3452.0,319035.0,-1.0820129452881344,3
Freehold Royalties Ltd,2016,-11163.0,1007450.0,-1.1080450642711797,3
Corridor Resources Inc,2016,-29291.0,104618.0,-27.99805004874878,3
Imperial Oil Limited,2016,2165.0,41654.0,5.197580064339559,3
Interfor Corporation,2016,65643.0,1301648.0,5.043068479343109,3
Loblaw Companies Limited,2016,990.0,34436.0,2.8748983621791147,3
Magna International Inc,2016,2074.0,22566.0,9.190818044846228,3
Methanex Corporation,2016,-28225.0,4556663.0,-0.6194225906107167,3
MTY Food Group Inc,2016,57841.0,851105.0,6.795988744044506,3
NOVAGOLD RESOURCES INC,2016,-33846.0,408261.0,-8.290284891282782,3
Nutrien Ltd,2016,0.0,0.0,,3
PrairieSky Royalty Ltd,2016,20.0,2770.3,0.721943471826156,3
SANDSTORM GOLD LTD,2016,25254.0,534882.0,4.721415190640179,3
Shopify Inc,2016,-35355.0,490558.0,-7.207098854773545,3
SNC-Lavalin Group Inc,2016,256565.0,9298319.0,2.7592621849175103,3
Spin Master Corp,2016,99515.0,775596.0,12.830777879205153,3
Suncor Energy Inc,2016,445.0,88702.0,0.5016797817411106,3
Suncor Energy Inc,2016,445.0,88702.0,0.5016797817411106,3
Tamarack Valley Energy Ltd,2016,27822948.0,663563825.0,4.192957324037367,3
TC Energy Corporation,2016,485.0,908.0,53.414096916299556,3
Topaz Energy Corp,2016,0.0,0.0,,3
Constellation Software Inc_,2016,206784.0,1883461.0,10.97893718001063,3
GFL Environmental Inc,2016,0.0,0.0,,3
CAE Inc_,2016,230.3,4996.7,4.609041967698682,3
Jamieson Wellness Inc_,2016,-25166.0,405179.0,-6.2110820156029805,3
Suncor Energy Inc,2016,445.0,88702.0,0.5016797817411106,3
Suncor Energy Inc,2016,445.0,88702.0,0.5016797817411106,3
Dollarama Inc,2016,385146.0,1813874.0,21.233338148074232,3
The North West Company Inc,2016,69779.0,793795.0,8.790556755837464,3
NexGen Energy Ltd,2016,17531665.0,192496385.0,9.107529473865185,3
Boralex Inc,2016,2.0,2702.0,0.07401924500370095,3
Canada Goose Holdings Inc,2016,26485.0,353018.0,7.502450299984703,3
Centerra Gold Inc,2016,151538.0,2654751.0,5.708181294592223,3
Precision Drilling Corporation,2016,-155555.0,4324214.0,-3.597301151145619,3
Paramount Resources Ltd,2016,1165275.0,2058960.0,56.595319967362165,3
Vermilion Energy Inc,2016,-160051.0,4087184.0,-3.9159235307243323,3
Ero Copper Corp,2016,-3452.0,319035.0,-1.0820129452881344,3
Ero Copper Corp,2016,-3452.0,319035.0,-1.0820129452881344,3
Enghouse Systems Limited,2016,47276.0,419195.0,11.27780627154427,3
Tourmaline Oil Corp,2016,-31971.0,9357523.0,-0.34166092885905813,3
Keyera Corp,2016,216851.0,4956961.0,4.374676338990765,3
Advantage Energy Ltd,2017,95039.0,169182.0,56.17559787684269,3
Agnico Eagle Mines Limited,2017,240795.0,7865601.0,3.0613681014330627,3
B2Gold Corp,2017,61566.0,2685157.0,2.292826825396057,3
Birchcliff Energy Ltd,2017,-4698.0,2627108.0,-0.17882782131530184,3
"Brookfield Business Partners L ,P",2017,215.0,6433.0,3.3421420799005133,3
Cameco Corporation,2017,204718.0,7778727.0,2.6317673830178125,3
Canfor Corporation,2017,393.6,3488.3,11.283433190952612,3
Capital Power Corporation,2017,134.0,6898.0,1.9425920556683098,3
Celestica Inc,2017,105.5,2964.2,3.559139059442683,3
Dundee Precious Metals Inc,2017,-361.0,845283.0,-0.04270759023900871,3
Ero Copper Corp,2017,17484.0,381343.0,4.5848488106507785,3
Ero Copper Corp,2017,17484.0,381343.0,4.5848488106507785,3
Freehold Royalties Ltd,2017,12218.0,956284.0,1.2776539187103413,3
Corridor Resources Inc,2017,17739.0,124360.0,14.264232872306208,3
Imperial Oil Limited,2017,490.0,41601.0,1.1778563015312131,3
Interfor Corporation,2017,97153.0,1352996.0,7.180582943334644,3
Loblaw Companies Limited,2017,1526.0,35106.0,4.346835298809321,3
Magna International Inc,2017,2244.0,25468.0,8.811057012721847,3
Methanex Corporation,2017,375097.0,4610742.0,8.135284949797668,3
MTY Food Group Inc,2017,49854.0,855013.0,5.83078853771814,3
NOVAGOLD RESOURCES INC,2017,-39016.0,398661.0,-9.786761183060294,3
Nutrien Ltd,2017,327.0,16998.0,1.9237557359689375,3
PrairieSky Royalty Ltd,2017,120.6,2971.7,4.058283137598008,3
SANDSTORM GOLD LTD,2017,10537.0,660915.0,1.5943048652247265,3
Shopify Inc,2017,-39995.0,1113564.0,-3.591621137177567,3
SNC-Lavalin Group Inc,2017,383151.0,13762506.0,2.7840205846231783,3
Spin Master Corp,2017,161066.0,938385.0,17.16417035651678,3
Suncor Energy Inc,2017,4458.0,89494.0,4.981339531141753,3
Suncor Energy Inc,2017,4458.0,89494.0,4.981339531141753,3
Tamarack Valley Energy Ltd,2017,-13924.0,1207809.0,-1.1528312837543022,3
TC Energy Corporation,2017,3395.0,468.0,725.4273504273505,3
Topaz Energy Corp,2017,0.0,0.0,,3
Constellation Software Inc_,2017,221.9,2288.2,9.697578882964777,3
GFL Environmental Inc,2017,0.0,0.0,,3
CAE Inc_,2017,256.6,5354.8,4.791962351535071,3
Jamieson Wellness Inc_,2017,-23787.0,512555.0,-4.640867809308269,3
Suncor Energy Inc,2017,4458.0,89494.0,4.981339531141753,3
Suncor Energy Inc,2017,4458.0,89494.0,4.981339531141753,3
Dollarama Inc,2017,445636.0,1863451.0,23.91455423297956,3
The North West Company Inc,2017,77076.0,805821.0,9.564903371840645,3
NexGen Energy Ltd,2017,56830610.0,323079350.0,17.590294768142872,3
Boralex Inc,2017,10.0,3926.0,0.2547121752419766,3
Canada Goose Holdings Inc,2017,2164.0,380869.0,0.5681743591628619,3
Centerra Gold Inc,2017,209533.0,2772175.0,7.558433360087297,3
Precision Drilling Corporation,2017,-132036.0,3892931.0,-3.391686110028665,3
Paramount Resources Ltd,2017,336893.0,4480590.0,7.518942817798549,3
Vermilion Energy Inc,2017,62258.0,3974965.0,1.5662527846157137,3
Ero Copper Corp,2017,17484.0,381343.0,4.5848488106507785,3
Ero Copper Corp,2017,17484.0,381343.0,4.5848488106507785,3
Enghouse Systems Limited,2017,50842.0,461837.0,11.008645907538806,3
Tourmaline Oil Corp,2017,346773.0,10181528.0,3.40590331824457,3
Keyera Corp,2017,28992.0,5874128.0,0.49355410709470404,3
Advantage Energy Ltd,2018,11119.0,1771197.0,0.6277675492901129,3
Agnico Eagle Mines Limited,2018,-326701.0,7852843.0,-4.1602894645926325,3
B2Gold Corp,2018,45121.0,2547804.0,1.7709761033423292,3
Birchcliff Energy Ltd,2018,102212.0,2762920.0,3.699419454779726,3
"Brookfield Business Partners L ,P",2018,1203.0,9781.0,12.29935589408036,3
Cameco Corporation,2018,166235.0,8018636.0,2.0731081944610033,3
Canfor Corporation,2018,439.0,3845.1,11.417128293152325,3
Capital Power Corporation,2018,267.0,7660.0,3.485639686684073,3
Celestica Inc,2018,98.9,3737.7,2.646012253524895,3
Dundee Precious Metals Inc,2018,37172.0,859585.0,4.32441236177923,3
Ero Copper Corp,2018,-2991.0,360439.0,-0.8298214122223178,3
Ero Copper Corp,2018,-2991.0,360439.0,-0.8298214122223178,3
Freehold Royalties Ltd,2018,14032.0,888299.0,1.5796482940991716,3
Corridor Resources Inc,2018,-314.0,125301.0,-0.25059656347515186,3
Imperial Oil Limited,2018,2314.0,41456.0,5.581821690467001,3
Interfor Corporation,2018,111678.0,1529504.0,7.3015827353181155,3
Loblaw Companies Limited,2018,800.0,30153.0,2.6531356747255663,3
Magna International Inc,2018,2332.0,25945.0,8.988244363075736,3
Methanex Corporation,2018,657984.0,4608999.0,14.276071658943732,3
MTY Food Group Inc,2018,98991.0,1230307.0,8.046040541100718,3
NOVAGOLD RESOURCES INC,2018,-112765.0,260929.0,-43.21673712005948,3
Nutrien Ltd,2018,3573.0,45502.0,7.852402092215726,3
PrairieSky Royalty Ltd,2018,79.4,2816.9,2.818701409350705,3
SANDSTORM GOLD LTD,2018,5872.0,588887.0,0.9971352738301236,3
Shopify Inc,2018,-64553.0,2254785.0,-2.8629337165184263,3
SNC-Lavalin Group Inc,2018,,12939692.0,,3
Spin Master Corp,2018,154.9,999.2,15.50240192153723,3
Suncor Energy Inc,2018,3293.0,89579.0,3.6760847966599313,3
Suncor Energy Inc,2018,3293.0,89579.0,3.6760847966599313,3
Tamarack Valley Energy Ltd,2018,3831.0,1264053.0,0.30307273508310173,3
TC Energy Corporation,2018,3517.0,5135.0,68.49074975657254,3
Topaz Energy Corp,2018,0.0,0.0,,3
Constellation Software Inc_,2018,379.3,2935.4,12.921577979151053,3
GFL Environmental Inc,2018,0.0,0.0,,3
CAE Inc_,2018,354.7,5780.2,6.136465866233002,3
Jamieson Wellness Inc_,2018,26673.0,549021.0,4.8582841093510085,3
Suncor Energy Inc,2018,3293.0,89579.0,3.6760847966599313,3
Suncor Energy Inc,2018,3293.0,89579.0,3.6760847966599313,3
Dollarama Inc,2018,51941.0,1934339.0,2.6852066778367183,3
The North West Company Inc,2018,69691.0,930948.0,7.486024998173904,3
NexGen Energy Ltd,2018,-1491606.0,326867565.0,-0.45633343889596384,3
Boralex Inc,2018,-44.0,4746.0,-0.9270965023177412,3
Canada Goose Holdings Inc,2018,96.1,548.4,17.5237053245806,3
Centerra Gold Inc,2018,107529.0,2826711.0,3.8040323188327356,3
Precision Drilling Corporation,2018,-29427.0,3636043.0,-0.8093138612497157,3
Paramount Resources Ltd,2018,-367163.0,4118103.0,-8.915828477335316,3
Vermilion Energy Inc,2018,27165.0,6270671.0,0.4332072277432511,3
Ero Copper Corp,2018,-2991.0,360439.0,-0.8298214122223178,3
Ero Copper Corp,2018,-2991.0,360439.0,-0.8298214122223178,3
Enghouse Systems Limited,2018,57745.0,4952.0,1166.09450726979,3
Tourmaline Oil Corp,2018,401418.0,10732457.0,3.7402246288990493,3
Keyera Corp,2018,394224.0,6782698.0,5.812200395771712,3
Advantage Energy Ltd,2019,-24654.0,1818454.0,-1.3557670416738614,3
Agnico Eagle Mines Limited,2019,473166.0,8789885.0,5.383073839987667,3
B2Gold Corp,2019,315841.0,2683071.0,11.771622890337229,3
Birchcliff Energy Ltd,2019,-55392.0,2816685.0,-1.9665670815160377,3
"Brookfield Business Partners L ,P",2019,434.0,12795.0,3.3919499804611175,3
Cameco Corporation,2019,73941.0,7427248.0,0.9955369741255443,3
Canfor Corporation,2019,-269.7,4527.0,-5.957587806494367,3
Capital Power Corporation,2019,119.0,8582.0,1.3866231647634584,3
Celestica Inc,2019,70.3,3560.7,1.9743308899935406,3
Dundee Precious Metals Inc,2019,-72042.0,78471.0,-91.80716443017165,3
Ero Copper Corp,2019,92455.0,462674.0,19.98275243475968,3
Ero Copper Corp,2019,92455.0,46274.0,199.79902320957774,3
Freehold Royalties Ltd,2019,5193.0,839893.0,0.618293044471141,3
Corridor Resources Inc,2019,0.0,0.0,,3
Imperial Oil Limited,2019,22.0,42187.0,0.0521487662075995,3
Interfor Corporation,2019,-103785.0,1341917.0,-7.734084894967423,3
Loblaw Companies Limited,2019,1131.0,36309.0,3.1149301825993554,3
Magna International Inc,2019,1632.0,25790.0,6.328034121752617,3
Methanex Corporation,2019,116366.0,5196615.0,2.239265367936628,3
MTY Food Group Inc,2019,77736.0,1648801.0,4.71469874169169,3
NOVAGOLD RESOURCES INC,2019,-27761.0,245835.0,-11.292533609941628,3
Nutrien Ltd,2019,992.0,46799.0,2.119703412466078,3
PrairieSky Royalty Ltd,2019,111.4,2719.5,4.096341239198383,3
SANDSTORM GOLD LTD,2019,16397.0,623175.0,2.631203113090223,3
Shopify Inc,2019,-124842.0,3489479.0,-3.5776687580008364,3
SNC-Lavalin Group Inc,2019,330587.0,11644724.0,2.8389423398957327,3
Spin Master Corp,2019,64.3,1256.4,5.11779687997453,3
Suncor Energy Inc,2019,2899.0,89435.0,3.241460278414491,3
Suncor Energy Inc,2019,2899.0,89435.0,3.241460278414491,3
Tamarack Valley Energy Ltd,2019,-39011.0,1247119.0,-3.1280896209583844,3
TC Energy Corporation,2019,4433.0,7651.0,57.94013854398118,3
Topaz Energy Corp,2019,6113.0,697234.0,0.8767501297986042,3
Constellation Software Inc_,2019,333.0,3488.0,9.547018348623853,3
GFL Environmental Inc,2019,-451.7,12323.8,-3.6652655836673755,3
CAE Inc_,2019,340.1,7165.5,4.74635405763729,3
Jamieson Wellness Inc_,2019,31657.0,561775.0,5.635174224556094,3
Suncor Energy Inc,2019,2899.0,89435.0,3.241460278414491,3
Suncor Energy Inc,2019,2899.0,89435.0,3.241460278414491,3
Dollarama Inc,2019,548874.0,2177895.0,25.20204142072965,3
The North West Company Inc,2019,90632.0,1022921.0,8.860117252456446,3
NexGen Energy Ltd,2019,-16548056.0,313525914.0,-5.278050477192772,3
Boralex Inc,2019,-43.0,4557.0,-0.9436032477507131,3
Canada Goose Holdings Inc,2019,143.6,725.4,19.795974634684313,3
Centerra Gold Inc,2019,-93513.0,2701653.0,-3.4613253441504144,3
Precision Drilling Corporation,2019,6618.0,3269840.0,0.20239522423115505,3
Paramount Resources Ltd,2019,-87856.0,3531305.0,-2.4879187722385914,3
Vermilion Energy Inc,2019,32799.0,5866120.0,0.5591259640102828,3
Ero Copper Corp,2019,92455.0,462674.0,19.98275243475968,3
Ero Copper Corp,2019,92455.0,46274.0,199.79902320957774,3
Enghouse Systems Limited,2019,70849.0,5906.0,1199.610565526583,3
Tourmaline Oil Corp,2019,31974.0,11180610.0,0.28597724095554716,3
Keyera Corp,2019,443609.0,7514188.0,5.903618594584006,3
Advantage Energy Ltd,2020,-284045.0,1533709.0,-18.520136479605974,3
Agnico Eagle Mines Limited,2020,511607.0,9614755.0,5.321061223088888,3
B2Gold Corp,2020,672413.0,3362379.0,19.9981322747971,3
Birchcliff Energy Ltd,2020,-57821.0,2902043.0,-1.9924239578807068,3
"Brookfield Business Partners L ,P",2020,580.0,14493.0,4.001931967156558,3
Cameco Corporation,2020,-53197.0,7580831.0,-0.7017304567269735,3
Canfor Corporation,2020,559.9,5108.8,10.959520826808642,3
Capital Power Corporation,2020,130.0,8911.0,1.4588710582426214,3
Celestica Inc,2020,60.6,3664.1,1.6538849922218282,3
Dundee Precious Metals Inc,2020,194863.0,97486.0,199.88818907330284,3
Ero Copper Corp,2020,52498.0,497099.0,10.560874192062347,3
Ero Copper Corp,2020,52498.0,497099.0,10.560874192062347,3
Freehold Royalties Ltd,2020,-13931.0,829909.0,-1.6786177761658205,3
Corridor Resources Inc,2020,0.0,0.0,,3
Imperial Oil Limited,2020,-1857.0,38031.0,-4.882858720517472,3
Interfor Corporation,2020,280296.0,1843187.0,15.207138505208642,3
Loblaw Companies Limited,2020,1192.0,35873.0,3.3228333286873135,3
Magna International Inc,2020,677.0,28605.0,2.3667191050515646,3
Methanex Corporation,2020,-125327.0,5696051.0,-2.2002436424814316,3
MTY Food Group Inc,2020,-36895.0,2013697.0,-1.8322021634833838,3
NOVAGOLD RESOURCES INC,2020,-33564.0,224441.0,-14.954486925294397,3
Nutrien Ltd,2020,459.0,47192.0,0.9726224783861672,3
PrairieSky Royalty Ltd,2020,31.7,2607.7,1.2156306323580166,3
SANDSTORM GOLD LTD,2020,13817.0,649921.0,2.125950692468777,3
Shopify Inc,2020,319509.0,7762905.0,4.115843231367639,3
SNC-Lavalin Group Inc,2020,-956273.0,10340278.0,-9.248039559477995,3
Spin Master Corp,2020,45.5,1342.1,3.390209373370092,3
Suncor Energy Inc,2020,-4319.0,84616.0,-5.104235605559233,3
Suncor Energy Inc,2020,-4319.0,84616.0,-5.104235605559233,3
Tamarack Valley Energy Ltd,2020,-311384.0,1027600.0,-30.30206305955625,3
TC Energy Corporation,2020,4913.0,5201.0,94.46260334551047,3
Topaz Energy Corp,2020,3089.0,1008546.0,0.30628250967234016,3
Constellation Software Inc_,2020,436.0,4375.0,9.965714285714286,3
GFL Environmental Inc,2020,-994.9,15730.0,-6.324856961220597,3
CAE Inc_,2020,318.9,8483.6,3.7590173982743167,3
Jamieson Wellness Inc_,2020,41598.0,609341.0,6.826719357469792,3
Suncor Energy Inc,2020,-4319.0,84616.0,-5.104235605559233,3
Suncor Energy Inc,2020,-4319.0,84616.0,-5.104235605559233,3
Dollarama Inc,2020,564039.0,3716456.0,15.176797465111925,3
The North West Company Inc,2020,86273.0,1215536.0,7.097527345960959,3
NexGen Energy Ltd,2020,-114490129.0,357392071.0,-32.0348822176304,3
Boralex Inc,2020,61.0,5314.0,1.1479111780203237,3
Canada Goose Holdings Inc,2020,151.7,1120.3,13.541015799339462,3
Centerra Gold Inc,2020,408538.0,3136009.0,13.02732230679185,3
Precision Drilling Corporation,2020,-120138.0,2898878.0,-4.1442930678697065,3
Paramount Resources Ltd,2020,-22693.0,3496995.0,-0.6489285801094941,3
Vermilion Energy Inc,2020,-1517427.0,4109139.0,-36.928100996340106,3
Ero Copper Corp,2020,52498.0,497099.0,10.560874192062347,3
Ero Copper Corp,2020,52498.0,497099.0,10.560874192062347,3
Enghouse Systems Limited,2020,9859.0,357352.0,2.7589043855917974,3
Tourmaline Oil Corp,2020,618311.0,12790200.0,4.834255914684681,3
Keyera Corp,2020,6203.0,7562586.0,0.0820222077474557,3
Advantage Energy Ltd,2021,411354.0,199499.0,206.19351475445993,3
Agnico Eagle Mines Limited,2021,561945.0,10216090.0,5.500587798267243,3
B2Gold Corp,2021,460825.0,3561293.0,12.939822699227499,3
Birchcliff Energy Ltd,2021,314676.0,2959967.0,10.63106446794846,3
"Brookfield Business Partners L ,P",2021,2153.0,15418.0,13.964197691010508,3
Cameco Corporation,2021,-102654.0,7517744.0,-1.3654894340642618,3
Canfor Corporation,2021,1458.8,6173.9,23.628500623592867,3
Capital Power Corporation,2021,87.0,9073.0,0.9588890113523642,3
Celestica Inc,2021,103.9,4666.9,2.2263172555657933,3
Dundee Precious Metals Inc,2021,209824.0,1168410.0,17.958079783637594,3
Ero Copper Corp,2021,202632.0,689762.0,29.37708948883818,3
Ero Copper Corp,2021,202632.0,689762.0,29.37708948883818,3
Freehold Royalties Ltd,2021,72084.0,1070507.0,6.733631821183794,3
Corridor Resources Inc,2021,45828.0,488807.0,9.375479483722614,3
Imperial Oil Limited,2021,2479.0,40782.0,6.078662154872248,3
Interfor Corporation,2021,819011.0,2603510.0,31.457954837891922,3
Loblaw Companies Limited,2021,1976.0,36614.0,5.396842737750587,3
Magna International Inc,2021,1553.0,29086.0,5.339338513374132,3
Methanex Corporation,2021,555911.0,6089620.0,9.128829056657066,3
MTY Food Group Inc,2021,85943.0,1904594.0,4.512405268524421,3
NOVAGOLD RESOURCES INC,2021,-40536.0,198852.0,-20.385009957154065,3
Nutrien Ltd,2021,3179.0,49954.0,6.363854746366656,3
PrairieSky Royalty Ltd,2021,123.3,3510.4,3.512420237010027,3
SANDSTORM GOLD LTD,2021,27622.0,620858.0,4.449004442239611,3
Shopify Inc,2021,2914659.0,13340172.0,21.848736283160367,3
SNC-Lavalin Group Inc,2021,672056.0,9875964.0,6.8049660772355995,3
Spin Master Corp,2021,198.6,1736.7,11.435481084816029,3
Suncor Energy Inc,2021,4119.0,83739.0,4.918855013792856,3
Suncor Energy Inc,2021,4119.0,83739.0,4.918855013792856,3
Tamarack Valley Energy Ltd,2021,390508.0,2328153.0,16.773296256732266,3
TC Energy Corporation,2021,2046.0,7423.0,27.562979927253135,3
Topaz Energy Corp,2021,27564.0,1611752.0,1.7101886642610027,3
Constellation Software Inc_,2021,169.0,5766.0,2.9309746791536595,3
GFL Environmental Inc,2021,-606.8,18396.5,-3.2984535101785664,3
CAE Inc_,2021,-47.5,8748.4,-0.5429564263179554,3
Jamieson Wellness Inc_,2021,52082.0,652475.0,7.982221541055212,3
Suncor Energy Inc,2021,4119.0,83739.0,4.918855013792856,3
Suncor Energy Inc,2021,4119.0,83739.0,4.918855013792856,3
Dollarama Inc,2021,564348.0,4223746.0,13.361314813911632,3
The North West Company Inc,2021,14356.0,1191168.0,1.2052036320653343,3
NexGen Energy Ltd,2021,-126948.0,546563.0,-23.226599678353637,3
Boralex Inc,2021,26.0,5751.0,0.45209528777603897,3
Canada Goose Holdings Inc,2021,70.2,1507.2,4.657643312101911,3
Centerra Gold Inc,2021,-381768.0,2676568.0,-14.263340217771415,3
Precision Drilling Corporation,2021,-177386.0,2661752.0,-6.664257226067642,3
Paramount Resources Ltd,2021,236.9,3885.1,6.097655144011737,3
Vermilion Energy Inc,2021,1148696.0,5905323.0,19.451874181988014,3
Ero Copper Corp,2021,202632.0,689762.0,29.37708948883818,3
Ero Copper Corp,2021,202632.0,689762.0,29.37708948883818,3
Enghouse Systems Limited,2021,92794.0,30366.0,305.5851939669367,3
Tourmaline Oil Corp,2021,2025991.0,15292093.0,13.248618093023628,3
Keyera Corp,2021,324206.0,8130306.0,3.987623590059218,3
Advantage Energy Ltd,2022,337761.0,2216958.0,15.235335987420601,3
Agnico Eagle Mines Limited,2022,670249.0,23494808.0,2.8527536807280995,3
B2Gold Corp,2022,0.0,0.0,,3
Birchcliff Energy Ltd,2022,656831.0,3169365.0,20.72437223229259,3
"Brookfield Business Partners L ,P",2022,240.0,18294.0,1.3119055428009183,3
Cameco Corporation,2022,89264.0,8632793.0,1.0340106614394668,3
Canfor Corporation,2022,861.1,6739.2,12.777481006647673,3
Capital Power Corporation,2022,128.0,10135.0,1.262950172668969,3
Celestica Inc,2022,145.5,5628.0,2.5852878464818763,3
Dundee Precious Metals Inc,2022,35923.0,1157254.0,3.1041586376024624,3
Ero Copper Corp,2022,103067.0,1188076.0,8.67511842676731,3
Ero Copper Corp,2022,103067.0,392427.0,26.263993048388617,3
Freehold Royalties Ltd,2022,0.0,0.0,,3
Corridor Resources Inc,2022,162109.0,734742.0,22.063390959003296,3
Imperial Oil Limited,2022,734.0,43524.0,1.686425879974267,3
Interfor Corporation,2022,598239.0,3619833.0,16.526701646180918,3
Loblaw Companies Limited,2022,1994.0,38147.0,5.227147613180591,3
Magna International Inc,2022,641.0,27789.0,2.3066681060851417,3
Methanex Corporation,2022,462288.0,6631480.0,6.971113537249603,3
MTY Food Group Inc,2022,75179.0,2325303.0,3.233084032489529,3
NOVAGOLD RESOURCES INC,2022,-53343.0,159189.0,-33.509224883628896,3
Nutrien Ltd,2022,7687.0,54586.0,14.082365441688344,3
PrairieSky Royalty Ltd,2022,317.5,3415.4,9.296129296714879,3
SANDSTORM GOLD LTD,2022,7845.0,1974777.0,0.39726004505825213,3
Shopify Inc,2022,,10757151.0,,3
SNC-Lavalin Group Inc,2022,129.0,9459986.0,0.0013636383817058504,3
Spin Master Corp,2022,261.3,1792.5,14.577405857740585,3
Suncor Energy Inc,2022,9077.0,84618.0,10.72703207355409,3
Suncor Energy Inc,2022,9077.0,84618.0,10.72703207355409,3
Tamarack Valley Energy Ltd,2022,345198.0,4619701.0,7.472301778838069,3
TC Energy Corporation,2022,785.0,7332.0,10.706492089470814,3
Topaz Energy Corp,2022,99355.0,1835732.0,5.41228240287798,3
Constellation Software Inc_,2022,551.0,7882.0,6.990611519918802,3
GFL Environmental Inc,2022,-311.1,19767.6,-1.5737874097007227,3
CAE Inc_,2022,150.0,9578.8,1.565958157598029,3
Jamieson Wellness Inc_,2022,52808.0,1107263.0,4.769237299539495,3
Suncor Energy Inc,2022,9077.0,84618.0,10.72703207355409,3
Suncor Energy Inc,2022,9077.0,84618.0,10.72703207355409,3
Dollarama Inc,2022,663169.0,4063562.0,16.31989372870403,3
The North West Company Inc,2022,157451.0,1219273.0,12.913514856804015,3
NexGen Energy Ltd,2022,-60268.0,55456.0,-108.67714945181766,3
Boralex Inc,2022,8.0,6539.0,0.12234286588163328,3
Canada Goose Holdings Inc,2022,94.6,1340.6,7.056541846934208,3
Centerra Gold Inc,2022,-77209.0,2335909.0,-3.3053085544000216,3
Precision Drilling Corporation,2022,-34293.0,2876123.0,-1.192334263868409,3
Paramount Resources Ltd,2022,680.6,4337.3,15.691789823161875,3
Vermilion Energy Inc,2022,1313062.0,6991058.0,18.78202126201785,3
Ero Copper Corp,2022,103067.0,1188076.0,8.67511842676731,3
Ero Copper Corp,2022,103067.0,392427.0,26.263993048388617,3
Enghouse Systems Limited,2022,94498.0,334498.0,28.250692081865957,3
Tourmaline Oil Corp,2022,4487049.0,18893041.0,23.749744681123595,3
Keyera Corp,2022,328294.0,8568188.0,3.831545246206082,3
